{"v":"5.5.2","fr":30,"ip":0,"op":136,"w":976,"h":671,"nm":"Hi Animation","ddd":0,"assets":[{"id":"comp_0","layers":[{"ddd":0,"ind":1,"ty":4,"nm":"h path 2 Outlines 2","sr":1,"ks":{"o":{"a":0,"k":100,"ix":11},"r":{"a":0,"k":0,"ix":10},"p":{"a":0,"k":[987.04,469.648,0],"ix":2},"a":{"a":0,"k":[154.5,299.5,0],"ix":1},"s":{"a":0,"k":[100,100,100],"ix":6}},"ao":0,"shapes":[{"ty":"gr","it":[{"ind":0,"ty":"sh","ix":1,"ks":{"a":0,"k":{"i":[[0,0],[0,0],[0,0]],"o":[[0,0],[0,0],[0,54.658]],"v":[[-99.143,-243.983],[-99.574,119.373],[-98.794,145.015]],"c":false},"ix":2},"nm":"Path 1","mn":"ADBE Vector Shape - Group","hd":false},{"ty":"st","c":{"a":0,"k":[0.207843137255,0.517647058824,0.964705882353,1],"ix":3},"o":{"a":0,"k":100,"ix":4},"w":{"a":0,"k":22,"ix":5},"lc":2,"lj":1,"ml":10,"bm":0,"nm":"Stroke 1","mn":"ADBE Vector Graphic - Stroke","hd":false},{"ty":"tr","p":{"a":0,"k":[154.325,299.75],"ix":2},"a":{"a":0,"k":[0,0],"ix":1},"s":{"a":0,"k":[100,100],"ix":3},"r":{"a":0,"k":0,"ix":6},"o":{"a":0,"k":100,"ix":7},"sk":{"a":0,"k":0,"ix":4},"sa":{"a":0,"k":0,"ix":5},"nm":"Transform"}],"nm":"Group 1","np":2,"cix":2,"bm":0,"ix":1,"mn":"ADBE Vector Group","hd":false},{"ty":"tm","s":{"a":1,"k":[{"i":{"x":[0.24],"y":[1]},"o":{"x":[0.76],"y":[0]},"t":0,"s":[96]},{"i":{"x":[0.36],"y":[1]},"o":{"x":[0.167],"y":[0]},"t":41,"s":[0]},{"i":{"x":[0.627],"y":[-2.176]},"o":{"x":[0.289],"y":[0]},"t":60,"s":[32]},{"i":{"x":[0.693],"y":[0.768]},"o":{"x":[0.281],"y":[-0.012]},"t":97,"s":[32.748]},{"t":105,"s":[0]}],"ix":1},"e":{"a":1,"k":[{"i":{"x":[0.24],"y":[1]},"o":{"x":[0.76],"y":[0]},"t":0,"s":[98]},{"i":{"x":[0.36],"y":[1]},"o":{"x":[0.167],"y":[0]},"t":41,"s":[55.4]},{"i":{"x":[0.627],"y":[-2.176]},"o":{"x":[0.289],"y":[0]},"t":60,"s":[94.4]},{"i":{"x":[0.693],"y":[0.768]},"o":{"x":[0.281],"y":[-0.012]},"t":97,"s":[96.608]},{"t":105,"s":[0]}],"ix":2},"o":{"a":0,"k":0,"ix":3},"m":1,"ix":2,"nm":"Trim Paths 1","mn":"ADBE Vector Filter - Trim","hd":false}],"ip":0,"op":1950,"st":0,"bm":0},{"ddd":0,"ind":2,"ty":4,"nm":"h path 2 Outlines","sr":1,"ks":{"o":{"a":0,"k":100,"ix":11},"r":{"a":0,"k":0,"ix":10},"p":{"a":0,"k":[749.5,449.5,0],"ix":2},"a":{"a":0,"k":[154.5,299.5,0],"ix":1},"s":{"a":0,"k":[100,100,100],"ix":6}},"ao":0,"shapes":[{"ty":"gr","it":[{"ind":0,"ty":"sh","ix":1,"ks":{"a":0,"k":{"i":[[0,0],[0,0],[0,0],[-54.658,0],[0,54.658]],"o":[[0,0],[0,0],[0,54.658],[54.66,0],[0,0]],"v":[[-99.143,-243.983],[-99.143,142.703],[-98.794,145.015],[0.174,243.983],[99.143,145.015]],"c":false},"ix":2},"nm":"Path 1","mn":"ADBE Vector Shape - Group","hd":false},{"ty":"st","c":{"a":0,"k":[0.996078431373,0.733333333333,0,1],"ix":3},"o":{"a":0,"k":100,"ix":4},"w":{"a":0,"k":22,"ix":5},"lc":2,"lj":1,"ml":10,"bm":0,"nm":"Stroke 1","mn":"ADBE Vector Graphic - Stroke","hd":false},{"ty":"tr","p":{"a":0,"k":[154.325,299.75],"ix":2},"a":{"a":0,"k":[0,0],"ix":1},"s":{"a":0,"k":[100,100],"ix":3},"r":{"a":0,"k":0,"ix":6},"o":{"a":0,"k":100,"ix":7},"sk":{"a":0,"k":0,"ix":4},"sa":{"a":0,"k":0,"ix":5},"nm":"Transform"}],"nm":"Group 1","np":2,"cix":2,"bm":0,"ix":1,"mn":"ADBE Vector Group","hd":false},{"ty":"tm","s":{"a":1,"k":[{"i":{"x":[0.24],"y":[1]},"o":{"x":[0.76],"y":[0]},"t":0,"s":[96]},{"i":{"x":[0.833],"y":[1]},"o":{"x":[0.64],"y":[0]},"t":60,"s":[0]},{"t":97,"s":[0]}],"ix":1},"e":{"a":1,"k":[{"i":{"x":[0.24],"y":[1]},"o":{"x":[0.76],"y":[0]},"t":0,"s":[98]},{"i":{"x":[0.675],"y":[-2.679]},"o":{"x":[0.342],"y":[0]},"t":60,"s":[55.4]},{"i":{"x":[0.675],"y":[0.696]},"o":{"x":[0.37],"y":[-0.022]},"t":97,"s":[56.806]},{"t":105,"s":[0]}],"ix":2},"o":{"a":0,"k":0,"ix":3},"m":1,"ix":2,"nm":"Trim Paths 1","mn":"ADBE Vector Filter - Trim","hd":false}],"ip":0,"op":1950,"st":0,"bm":0},{"ddd":0,"ind":3,"ty":4,"nm":"h path 1 Outlines","sr":1,"ks":{"o":{"a":0,"k":100,"ix":11},"r":{"a":0,"k":0,"ix":10},"p":{"a":0,"k":[749.5,447.5,0],"ix":2},"a":{"a":0,"k":[154.5,202.5,0],"ix":1},"s":{"a":0,"k":[100,100,100],"ix":6}},"ao":0,"shapes":[{"ty":"gr","it":[{"ind":0,"ty":"sh","ix":1,"ks":{"a":0,"k":{"i":[[0,0],[0,0],[0,0],[54.659,0],[0,-54.658],[0,0]],"o":[[0,0],[0,0],[0,-54.658],[-54.658,0],[0,0],[0,0]],"v":[[98.969,147.132],[98.969,51.627],[98.969,51.868],[-0.001,-47.101],[-98.969,51.868],[-98.969,-147.132]],"c":false},"ix":2},"nm":"Path 1","mn":"ADBE Vector Shape - Group","hd":false},{"ty":"st","c":{"a":0,"k":[0.996078431373,0.733333333333,0,1],"ix":3},"o":{"a":0,"k":100,"ix":4},"w":{"a":0,"k":22,"ix":5},"lc":2,"lj":2,"bm":0,"nm":"Stroke 1","mn":"ADBE Vector Graphic - Stroke","hd":false},{"ty":"tr","p":{"a":0,"k":[154.5,202.632],"ix":2},"a":{"a":0,"k":[0,0],"ix":1},"s":{"a":0,"k":[100,100],"ix":3},"r":{"a":0,"k":0,"ix":6},"o":{"a":0,"k":100,"ix":7},"sk":{"a":0,"k":0,"ix":4},"sa":{"a":0,"k":0,"ix":5},"nm":"Transform"}],"nm":"Group 1","np":2,"cix":2,"bm":0,"ix":1,"mn":"ADBE Vector Group","hd":false},{"ty":"tm","s":{"a":1,"k":[{"i":{"x":[0.74],"y":[1]},"o":{"x":[0.4],"y":[0.8]},"t":0,"s":[68]},{"i":{"x":[0.48],"y":[1]},"o":{"x":[0.114],"y":[0.292]},"t":15,"s":[100]},{"i":{"x":[0.833],"y":[1]},"o":{"x":[0.26],"y":[0]},"t":64,"s":[0]},{"t":97,"s":[0]}],"ix":1},"e":{"a":1,"k":[{"i":{"x":[0.74],"y":[1]},"o":{"x":[0.4],"y":[0.8]},"t":0,"s":[65]},{"i":{"x":[0.48],"y":[1]},"o":{"x":[0.114],"y":[0.399]},"t":15,"s":[100]},{"i":{"x":[0.657],"y":[-9.391]},"o":{"x":[0.323],"y":[0]},"t":64,"s":[67.4]},{"i":{"x":[0.683],"y":[0.716]},"o":{"x":[0.281],"y":[-0.009]},"t":97,"s":[67.703]},{"t":105,"s":[0]}],"ix":2},"o":{"a":0,"k":0,"ix":3},"m":1,"ix":2,"nm":"Trim Paths 1","mn":"ADBE Vector Filter - Trim","hd":false}],"ip":0,"op":1950,"st":0,"bm":0}]}],"layers":[{"ddd":0,"ind":1,"ty":0,"nm":"Hi files","refId":"comp_0","sr":1,"ks":{"o":{"a":0,"k":100,"ix":11},"r":{"a":0,"k":0,"ix":10},"p":{"a":0,"k":[473.436,364,0],"ix":2},"a":{"a":0,"k":[750,500,0],"ix":1},"s":{"a":0,"k":[108,108,100],"ix":6}},"ao":0,"w":1500,"h":1000,"ip":29,"op":136,"st":29,"bm":0},{"ddd":0,"ind":2,"ty":4,"nm":"Shape Layer 4","sr":1,"ks":{"o":{"a":0,"k":100,"ix":11},"r":{"a":0,"k":0,"ix":10},"p":{"a":1,"k":[{"i":{"x":0.46,"y":1},"o":{"x":0.001,"y":0.504},"t":3,"s":[498.378,416.11,0],"to":[0,7.167,0],"ti":[0,0,0]},{"i":{"x":0.999,"y":0.609},"o":{"x":0.54,"y":0},"t":12,"s":[498.378,459.11,0],"to":[0,0,0],"ti":[1.844,44.19,0]},{"i":{"x":0.16,"y":1},"o":{"x":0.54,"y":0},"t":19,"s":[498.378,416.11,0],"to":[19.917,-49.917,0],"ti":[-20.594,42.719,0]},{"t":35,"s":[621.94,159.798,0]}],"ix":2},"a":{"a":0,"k":[-144.56,-34.931,0],"ix":1},"s":{"a":1,"k":[{"i":{"x":[0.833,0.833,0.833],"y":[1,1,1]},"o":{"x":[0.4,0.4,0.4],"y":[1.335,1.335,0]},"t":21,"s":[55.407,55.407,100]},{"t":35,"s":[10.1,10.1,100]}],"ix":6}},"ao":0,"shapes":[{"ty":"gr","it":[{"d":1,"ty":"el","s":{"a":0,"k":[355.037,355.037],"ix":2},"p":{"a":0,"k":[0,0],"ix":3},"nm":"Ellipse Path 1","mn":"ADBE Vector Shape - Ellipse","hd":false},{"ty":"fl","c":{"a":0,"k":[0.845751594095,0.012161032359,0.012161032359,1],"ix":4},"o":{"a":0,"k":100,"ix":5},"r":1,"bm":0,"nm":"Fill 1","mn":"ADBE Vector Graphic - Fill","hd":false},{"ty":"tr","p":{"a":0,"k":[-144.56,-34.931],"ix":2},"a":{"a":0,"k":[0,0],"ix":1},"s":{"a":0,"k":[62.211,62.211],"ix":3},"r":{"a":0,"k":0,"ix":6},"o":{"a":0,"k":100,"ix":7},"sk":{"a":0,"k":0,"ix":4},"sa":{"a":0,"k":0,"ix":5},"nm":"Transform"}],"nm":"Ellipse 1","np":3,"cix":2,"bm":0,"ix":1,"mn":"ADBE Vector Group","hd":false}],"ip":0,"op":130,"st":3,"bm":0},{"ddd":0,"ind":3,"ty":4,"nm":"Shape Layer 3","sr":1,"ks":{"o":{"a":0,"k":100,"ix":11},"r":{"a":0,"k":0,"ix":10},"p":{"a":1,"k":[{"i":{"x":0.46,"y":1},"o":{"x":0.001,"y":0.504},"t":4,"s":[521.864,548.108,0],"to":[0,9,0],"ti":[0,0,0]},{"i":{"x":0.999,"y":0.608},"o":{"x":0.54,"y":0},"t":13,"s":[521.864,602.108,0],"to":[0,0,0],"ti":[2.053,34.822,0]},{"i":{"x":0.16,"y":1},"o":{"x":0.301,"y":1},"t":20,"s":[521.864,548.108,0],"to":[9.4,-19.933,0],"ti":[-9.4,10.933,0]},{"t":35,"s":[578.264,482.508,0]}],"ix":2},"a":{"a":0,"k":[-144.56,-34.931,0],"ix":1},"s":{"a":1,"k":[{"i":{"x":[0.16,0.16,0.16],"y":[1,1,1]},"o":{"x":[0.4,0.4,0.4],"y":[1.4,1.4,0]},"t":21,"s":[53,53,100]},{"t":35,"s":[11,11,100]}],"ix":6}},"ao":0,"shapes":[{"ty":"gr","it":[{"d":1,"ty":"el","s":{"a":0,"k":[355.037,355.037],"ix":2},"p":{"a":0,"k":[0,0],"ix":3},"nm":"Ellipse Path 1","mn":"ADBE Vector Shape - Ellipse","hd":false},{"ty":"fl","c":{"a":0,"k":[0.996078431373,0.733333333333,0,1],"ix":4},"o":{"a":0,"k":100,"ix":5},"r":1,"bm":0,"nm":"Fill 1","mn":"ADBE Vector Graphic - Fill","hd":false},{"ty":"tr","p":{"a":0,"k":[-144.56,-34.931],"ix":2},"a":{"a":0,"k":[0,0],"ix":1},"s":{"a":0,"k":[62.211,62.211],"ix":3},"r":{"a":0,"k":0,"ix":6},"o":{"a":0,"k":100,"ix":7},"sk":{"a":0,"k":0,"ix":4},"sa":{"a":0,"k":0,"ix":5},"nm":"Transform"}],"nm":"Ellipse 1","np":3,"cix":2,"bm":0,"ix":1,"mn":"ADBE Vector Group","hd":false}],"ip":0,"op":36,"st":4,"bm":0},{"ddd":0,"ind":4,"ty":4,"nm":"Shape Layer 2","sr":1,"ks":{"o":{"a":0,"k":100,"ix":11},"r":{"a":0,"k":0,"ix":10},"p":{"a":1,"k":[{"i":{"x":0.999,"y":0.496},"o":{"x":0.001,"y":0.504},"t":6,"s":[575.274,318.062,0],"to":[0,6.833,0],"ti":[0,0,0]},{"i":{"x":0.999,"y":0.619},"o":{"x":0.54,"y":0},"t":15,"s":[575.274,359.062,0],"to":[0,0,0],"ti":[-9.167,15.167,0]},{"i":{"x":0.16,"y":1},"o":{"x":0.27,"y":1},"t":22,"s":[575.274,318.062,0],"to":[9.167,-15.167,0],"ti":[-9.167,8.333,0]},{"t":35,"s":[630.274,268.062,0]}],"ix":2},"a":{"a":0,"k":[-144.56,-34.931,0],"ix":1},"s":{"a":1,"k":[{"i":{"x":[0.16,0.16,0.16],"y":[1,1,1]},"o":{"x":[0.4,0.4,0.4],"y":[1.4,1.4,0]},"t":21,"s":[35,35,100]},{"t":35,"s":[12.2,12.2,100]}],"ix":6}},"ao":0,"shapes":[{"ty":"gr","it":[{"d":1,"ty":"el","s":{"a":0,"k":[355.037,355.037],"ix":2},"p":{"a":0,"k":[0,0],"ix":3},"nm":"Ellipse Path 1","mn":"ADBE Vector Shape - Ellipse","hd":false},{"ty":"fl","c":{"a":0,"k":[0.182193397073,0.579084927428,0.000757008265,1],"ix":4},"o":{"a":0,"k":100,"ix":5},"r":1,"bm":0,"nm":"Fill 1","mn":"ADBE Vector Graphic - Fill","hd":false},{"ty":"tr","p":{"a":0,"k":[-144.56,-34.931],"ix":2},"a":{"a":0,"k":[0,0],"ix":1},"s":{"a":0,"k":[62.211,62.211],"ix":3},"r":{"a":0,"k":0,"ix":6},"o":{"a":0,"k":100,"ix":7},"sk":{"a":0,"k":0,"ix":4},"sa":{"a":0,"k":0,"ix":5},"nm":"Transform"}],"nm":"Ellipse 1","np":3,"cix":2,"bm":0,"ix":1,"mn":"ADBE Vector Group","hd":false}],"ip":0,"op":36,"st":6,"bm":0},{"ddd":0,"ind":5,"ty":4,"nm":"Shape Layer 1","sr":1,"ks":{"o":{"a":0,"k":100,"ix":11},"r":{"a":0,"k":0,"ix":10},"p":{"a":1,"k":[{"i":{"x":0.46,"y":1},"o":{"x":0.001,"y":0.56},"t":0,"s":[324.44,338.069,0],"to":[0,5.167,0],"ti":[-0.191,0.573,0]},{"i":{"x":0.999,"y":0.496},"o":{"x":0.54,"y":0},"t":10,"s":[324.44,369.069,0],"to":[0.191,-0.573,0],"ti":[-1.576,28.726,0]},{"i":{"x":0.999,"y":0.953},"o":{"x":0.54,"y":0},"t":20,"s":[325.585,334.633,0],"to":[49.678,18.231,0],"ti":[-49.487,-23.97,0]},{"t":29,"s":[622.507,478.452,0]}],"ix":2},"a":{"a":0,"k":[-144.56,-34.931,0],"ix":1},"s":{"a":1,"k":[{"i":{"x":[0.16,0.16,0.16],"y":[1,1,1]},"o":{"x":[0.4,0.4,0.4],"y":[1.4,1.4,0]},"t":21,"s":[100,100,100]},{"t":35,"s":[10.5,10.5,100]}],"ix":6}},"ao":0,"shapes":[{"ty":"gr","it":[{"d":1,"ty":"el","s":{"a":0,"k":[355.037,355.037],"ix":2},"p":{"a":0,"k":[0,0],"ix":3},"nm":"Ellipse Path 1","mn":"ADBE Vector Shape - Ellipse","hd":false},{"ty":"fl","c":{"a":0,"k":[0.207843137255,0.517647058824,0.964705882353,1],"ix":4},"o":{"a":0,"k":100,"ix":5},"r":1,"bm":0,"nm":"Fill 1","mn":"ADBE Vector Graphic - Fill","hd":false},{"ty":"tr","p":{"a":0,"k":[-144.56,-34.931],"ix":2},"a":{"a":0,"k":[0,0],"ix":1},"s":{"a":0,"k":[62.211,62.211],"ix":3},"r":{"a":0,"k":0,"ix":6},"o":{"a":0,"k":100,"ix":7},"sk":{"a":0,"k":0,"ix":4},"sa":{"a":0,"k":0,"ix":5},"nm":"Transform"}],"nm":"Ellipse 1","np":3,"cix":2,"bm":0,"ix":1,"mn":"ADBE Vector Group","hd":false}],"ip":0,"op":36,"st":0,"bm":0}],"markers":[]}