<?xml version="1.0" encoding="UTF-8"?>
<!DOCTYPE mapper PUBLIC "-//mybatis.org//DTD Mapper 3.0//EN" "http://mybatis.org/dtd/mybatis-3-mapper.dtd">
<mapper namespace="edu.heuet.shaohua.dao.StudentDOMapper">
    <resultMap id="BaseResultMap" type="edu.heuet.shaohua.dataobject.StudentDO">
        <!--
          WARNING - @mbg.generated
          This element is automatically generated by MyBatis Generator, do not modify.
          This element was generated on Tue Jan 19 15:17:18 GMT+08:00 2021.
        -->
        <id column="student_no" jdbcType="VARCHAR" property="studentNo"/>
        <result column="name" jdbcType="VARCHAR" property="name"/>
        <result column="create_time" jdbcType="TIMESTAMP" property="createTime"/>
        <result column="update_time" jdbcType="TIMESTAMP" property="updateTime"/>
    </resultMap>
    <sql id="Base_Column_List">
        <!--
          WARNING - @mbg.generated
          This element is automatically generated by MyBatis Generator, do not modify.
          This element was generated on Tue Jan 19 15:17:18 GMT+08:00 2021.
        -->
        student_no, name, create_time, update_time
    </sql>
    <select id="selectByPrimaryKey" parameterType="java.lang.String" resultMap="BaseResultMap">
        <!--
          WARNING - @mbg.generated
          This element is automatically generated by MyBatis Generator, do not modify.
          This element was generated on Tue Jan 19 15:17:18 GMT+08:00 2021.
        -->
        select
        <include refid="Base_Column_List"/>
        from student_inf_mysql
        where student_no = #{studentNo,jdbcType=VARCHAR}
    </select>

    <select id="selectByName" parameterType="java.lang.String" resultMap="BaseResultMap">
        <!--
          WARNING - @mbg.generated
          This element is automatically generated by MyBatis Generator, do not modify.
          This element was generated on Tue Jan 19 15:17:18 GMT+08:00 2021.
        -->
        select
        <include refid="Base_Column_List"/>
        from student_inf_mysql
        where name = #{name,jdbcType=VARCHAR}
    </select>

    <select id="getAll" resultMap="BaseResultMap">
        select
        <include refid="Base_Column_List"/>
        from student_inf_mysql
    </select>

    <delete id="deleteByPrimaryKey" parameterType="java.lang.String">
        <!--
          WARNING - @mbg.generated
          This element is automatically generated by MyBatis Generator, do not modify.
          This element was generated on Tue Jan 19 15:17:18 GMT+08:00 2021.
        -->
        delete from student_inf_mysql
        where student_no = #{studentNo,jdbcType=VARCHAR}
    </delete>
    <insert id="insert" parameterType="edu.heuet.shaohua.dataobject.StudentDO">
        <!--
          WARNING - @mbg.generated
          This element is automatically generated by MyBatis Generator, do not modify.
          This element was generated on Tue Jan 19 15:17:18 GMT+08:00 2021.
        -->
        insert into student_inf_mysql (student_no, name, create_time,
        update_time)
        values (#{studentNo,jdbcType=VARCHAR}, #{name,jdbcType=VARCHAR}, #{createTime,jdbcType=TIMESTAMP},
        #{updateTime,jdbcType=TIMESTAMP})
    </insert>
    <insert id="insertSelective" parameterType="edu.heuet.shaohua.dataobject.StudentDO">
        <!--
          WARNING - @mbg.generated
          This element is automatically generated by MyBatis Generator, do not modify.
          This element was generated on Tue Jan 19 15:17:18 GMT+08:00 2021.
        -->
        insert into student_inf_mysql
        <trim prefix="(" suffix=")" suffixOverrides=",">
            <if test="studentNo != null">
                student_no,
            </if>
            <if test="name != null">
                name,
            </if>
            <if test="createTime != null">
                create_time,
            </if>
            <if test="updateTime != null">
                update_time,
            </if>
        </trim>
        <trim prefix="values (" suffix=")" suffixOverrides=",">
            <if test="studentNo != null">
                #{studentNo,jdbcType=VARCHAR},
            </if>
            <if test="name != null">
                #{name,jdbcType=VARCHAR},
            </if>
            <if test="createTime != null">
                #{createTime,jdbcType=TIMESTAMP},
            </if>
            <if test="updateTime != null">
                #{updateTime,jdbcType=TIMESTAMP},
            </if>
        </trim>
    </insert>
    <update id="updateByPrimaryKeySelective" parameterType="edu.heuet.shaohua.dataobject.StudentDO">
        <!--
          WARNING - @mbg.generated
          This element is automatically generated by MyBatis Generator, do not modify.
          This element was generated on Tue Jan 19 15:17:18 GMT+08:00 2021.
        -->
        update student_inf_mysql
        <set>
            <if test="name != null">
                name = #{name,jdbcType=VARCHAR},
            </if>
            <if test="createTime != null">
                create_time = #{createTime,jdbcType=TIMESTAMP},
            </if>
            <if test="updateTime != null">
                update_time = #{updateTime,jdbcType=TIMESTAMP},
            </if>
        </set>
        where student_no = #{studentNo,jdbcType=VARCHAR}
    </update>
    <update id="updateByPrimaryKey" parameterType="edu.heuet.shaohua.dataobject.StudentDO">
        update student_inf_mysql
        set name = #{name,jdbcType=VARCHAR},
        create_time = #{createTime,jdbcType=TIMESTAMP},
        update_time = #{updateTime,jdbcType=TIMESTAMP}
        where student_no = #{studentNo,jdbcType=VARCHAR}
    </update>
</mapper>