<?xml version="1.0" encoding="UTF-8"?>
<!DOCTYPE mapper PUBLIC "-//mybatis.org//DTD Mapper 3.0//EN" "http://mybatis.org/dtd/mybatis-3-mapper.dtd">
<mapper namespace="edu.heuet.android.logindemo.dao.UserPasswordDOMapper">

  <!-- 该表的全字段映射 -->
  <resultMap id="BaseResultMap" type="edu.heuet.android.logindemo.dataobject.UserPasswordDO">
    <id column="id" jdbcType="INTEGER" property="id" />
    <result column="encrypt_password" jdbcType="VARCHAR" property="encryptPassword" />
    <result column="user_id" jdbcType="INTEGER" property="userId" />
  </resultMap>
  <sql id="Base_Column_List">
    id, encrypt_password, user_id
  </sql>
  <select id="selectByPrimaryKey" parameterType="java.lang.Integer" resultMap="BaseResultMap">
    select
    <include refid="Base_Column_List" />
    from user_password
    where id = #{id,jdbcType=INTEGER}
  </select>

  <!-- 手动编写查询，参数id类型为Integer，返回值类型为BaseResultMap，即该表的全字段映射 -->
  <select id="selectByUserId" parameterType="java.lang.Integer" resultMap="BaseResultMap">
    select
    <include refid="Base_Column_List" />
    from user_password
    --   SQL语句     传入参数       参数类型
    where user_id = #{userId,jdbcType=INTEGER}
  </select>



  <delete id="deleteByPrimaryKey" parameterType="java.lang.Integer">
    <!--
      WARNING - @mbg.generated
      This element is automatically generated by MyBatis Generator, do not modify.
      This element was generated on Sat Jun 01 10:31:20 GMT+08:00 2019.
    -->
    delete from user_password
    where id = #{id,jdbcType=INTEGER}
  </delete>
  <insert id="insert" parameterType="edu.heuet.android.logindemo.dataobject.UserPasswordDO">
    <!--
      WARNING - @mbg.generated
      This element is automatically generated by MyBatis Generator, do not modify.
      This element was generated on Sat Jun 01 10:31:20 GMT+08:00 2019.
    -->
    insert into user_password (id, encrypt_password, user_id
      )
    values (#{id,jdbcType=INTEGER}, #{encryptPassword,jdbcType=VARCHAR}, #{userId,jdbcType=INTEGER}
      )
  </insert>
  <insert id="insertSelective" parameterType="edu.heuet.android.logindemo.dataobject.UserPasswordDO">
    <!--
      WARNING - @mbg.generated
      This element is automatically generated by MyBatis Generator, do not modify.
      This element was generated on Sat Jun 01 10:31:20 GMT+08:00 2019.
    -->
    insert into user_password
    <trim prefix="(" suffix=")" suffixOverrides=",">
      <if test="id != null">
        id,
      </if>
      <if test="encryptPassword != null">
        encrypt_password,
      </if>
      <if test="userId != null">
        user_id,
      </if>
    </trim>
    <trim prefix="values (" suffix=")" suffixOverrides=",">
      <if test="id != null">
        #{id,jdbcType=INTEGER},
      </if>
      <if test="encryptPassword != null">
        #{encryptPassword,jdbcType=VARCHAR},
      </if>
      <if test="userId != null">
        #{userId,jdbcType=INTEGER},
      </if>
    </trim>
  </insert>
  <update id="updateByPrimaryKeySelective" parameterType="edu.heuet.android.logindemo.dataobject.UserPasswordDO">
    <!--
      WARNING - @mbg.generated
      This element is automatically generated by MyBatis Generator, do not modify.
      This element was generated on Sat Jun 01 10:31:20 GMT+08:00 2019.
    -->
    update user_password
    <set>
      <if test="encryptPassword != null">
        encrypt_password = #{encryptPassword,jdbcType=VARCHAR},
      </if>
      <if test="userId != null">
        user_id = #{userId,jdbcType=INTEGER},
      </if>
    </set>
    where id = #{id,jdbcType=INTEGER}
  </update>
  <update id="updateByPrimaryKey" parameterType="edu.heuet.android.logindemo.dataobject.UserPasswordDO">
    <!--
      WARNING - @mbg.generated
      This element is automatically generated by MyBatis Generator, do not modify.
      This element was generated on Sat Jun 01 10:31:20 GMT+08:00 2019.
    -->
    update user_password
    set encrypt_password = #{encryptPassword,jdbcType=VARCHAR},
      user_id = #{userId,jdbcType=INTEGER}
    where id = #{id,jdbcType=INTEGER}
  </update>
</mapper>